net,weight_path,training_stage,training_datasets,source_link
RAFT,models/_pretrained_weights/raft-chairs.pth,chairs,FlyingChairs_?,https://drive.google.com/drive/folders/1sWDsfuZ3Up38EUQt7-JDTT1HcGHuJgvT
RAFT,models/_pretrained_weights/raft-things.pth,things,FlyingChairs_FlyingThings3D_?,https://drive.google.com/drive/folders/1sWDsfuZ3Up38EUQt7-JDTT1HcGHuJgvT
RAFT,models/_pretrained_weights/raft-sintel.pth,sintel,FlyingChairs_FlyingThings3D_Sintel_?,https://drive.google.com/drive/folders/1sWDsfuZ3Up38EUQt7-JDTT1HcGHuJgvT
RAFT,models/_pretrained_weights/raft-kitti.pth,kitti,FlyingChairs_FlyingThings3D_Sintel_Kitti15_?,https://drive.google.com/drive/folders/1sWDsfuZ3Up38EUQt7-JDTT1HcGHuJgvT
GMA,models/_pretrained_weights/gma-chairs.pth,chairs,FlyingChairs_?,https://github.com/zacjiang/GMA/blob/2f1fd29468a86a354d44dd25d107930b3f175043/checkpoints/gma-chairs.pth
GMA,models/_pretrained_weights/gma-things.pth,things,FlyingChairs_FlyingThings3D_?,https://github.com/zacjiang/GMA/blob/2f1fd29468a86a354d44dd25d107930b3f175043/checkpoints/gma-things.pth
GMA,models/_pretrained_weights/gma-sintel.pth,sintel,FlyingChairs_FlyingThings3D_Sintel_?,https://github.com/zacjiang/GMA/blob/2f1fd29468a86a354d44dd25d107930b3f175043/checkpoints/gma-sintel.pth
GMA,models/_pretrained_weights/gma-kitti.pth,kitti,FlyingChairs_FlyingThings3D_Sintel_Kitti15_?,https://github.com/zacjiang/GMA/blob/2f1fd29468a86a354d44dd25d107930b3f175043/checkpoints/gma-kitti.pth
FlowFormer,models/_pretrained_weights/FlowFormer-Models/chairs.pth,chairs,FlyingChairs_?,https://drive.google.com/drive/folders/1K2dcWxaqOLiQ3PoqRdokrgWsGIf3yBA_https://drive.google.com/drive/folders/1K2dcWxaqOLiQ3PoqRdokrgWsGIf3yBA_
FlowFormer,models/_pretrained_weights/FlowFormer-Models/things.pth,things,FlyingChairs_FlyingThings3D_?,https://drive.google.com/drive/folders/1K2dcWxaqOLiQ3PoqRdokrgWsGIf3yBA_https://drive.google.com/drive/folders/1K2dcWxaqOLiQ3PoqRdokrgWsGIf3yBA_
FlowFormer,models/_pretrained_weights/FlowFormer-Models/sintel.pth,sintel,FlyingChairs_FlyingThings3D_Sintel_?,https://drive.google.com/drive/folders/1K2dcWxaqOLiQ3PoqRdokrgWsGIf3yBA_https://drive.google.com/drive/folders/1K2dcWxaqOLiQ3PoqRdokrgWsGIf3yBA_
FlowFormer,models/_pretrained_weights/FlowFormer-Models/kitti.pth,kitti,FlyingChairs_FlyingThings3D_Sintel_Kitti15_?,https://drive.google.com/drive/folders/1K2dcWxaqOLiQ3PoqRdokrgWsGIf3yBA_https://drive.google.com/drive/folders/1K2dcWxaqOLiQ3PoqRdokrgWsGIf3yBA_
PWCNet,models/_pretrained_weights/pwc_net_chairs.pth.tar,things,FlyingChairs_FlyingThings3D,https://github.com/NVlabs/PWC-Net/raw/master/PyTorch/pwc_net_chairs.pth.tar
PWCNet,models/_pretrained_weights/pwc_net.pth.tar,sintel,?,https://github.com/NVlabs/PWC-Net/raw/master/PyTorch/pwc_net.pth.tar
FlowNet2,models/_pretrained_weights/FlowNet/FlowNet2_checkpoint.pth.tar,things,?,https://drive.google.com/file/d/1hF8vS6YeHkx3j2pfCeQqqZGwA_PJq_Da/view?usp=sharing
FlowNet2C,models/_pretrained_weights/FlowNet/FlowNet2-C_checkpoint.pth.tar,things,?,https://drive.google.com/file/d/1BFT6b7KgKJC8rA59RmOVAXRM_S7aSfKE/view?usp=sharing
FlowNet2S,models/_pretrained_weights/FlowNet/FlowNet2-S_checkpoint.pth.tar,things,?,https://drive.google.com/file/d/1V61dZjFomwlynwlYklJHC-TLfdFom3Lg/view?usp=sharing
ptlflow-rpknet,things,things,FlyingChairs_FlyingThings3D_?,https://github.com/hmorimitsu/ptlflow/releases/download/weights1/rpknet-things-f79b0d81.ckpt
ptlflow-rpknet,sintel,sintel,FlyingChairs_FlyingThings3D_Sintel_?,https://github.com/hmorimitsu/ptlflow/releases/download/weights1/rpknet-sintel-e7cc969e.ckpt
ptlflow-rpknet,chairs,chairs,FlyingChairs_?,https://github.com/hmorimitsu/ptlflow/releases/download/weights1/rpknet-chairs-a705b345.ckpt
ptlflow-rpknet,kitti,kitti,FlyingChairs_FlyingThings3D_Sintel_Kitti15_?,https://github.com/hmorimitsu/ptlflow/releases/download/weights1/rpknet-kitti-39504eb4.ckpt
IRR-PWC,./models/_pretrained_weights/irr_weights/pwcnet/IRR-PWC_things3d/checkpoint_best.ckpt,things,FlyingChairs_FlyingThings3D_?,https://github.com/visinf/irr/blob/dacd07b1dc963fb8d3db7c75b562691af33f47b2/saved_check_point/pwcnet/IRR-PWC_things3d/checkpoint_best.ckpt
IRR-PWC,./models/_pretrained_weights/irr_weights/pwcnet/IRR-PWC_sintel/checkpoint_best.ckpt,sintel,FlyingChairs_FlyingThings3D_Sintel_?,https://github.com/visinf/irr/blob/dacd07b1dc963fb8d3db7c75b562691af33f47b2/saved_check_point/pwcnet/IRR-PWC_sintel/checkpoint_best.ckpt
IRR-PWC,./models/_pretrained_weights/irr_weights/pwcnet/IRR-PWC_flyingchairsOcc/checkpoint_best.ckpt,chairs,FlyingChairs_?,https://github.com/visinf/irr/blob/dacd07b1dc963fb8d3db7c75b562691af33f47b2/saved_check_point/pwcnet/IRR-PWC_flyingchairsOcc/checkpoint_best.ckpt
IRR-PWC,./models/_pretrained_weights/irr_weights/pwcnet/IRR-PWC_kitti/checkpoint_best.ckpt,kitti,FlyingChairs_FlyingThings3D_Sintel_Kitti15_?,https://github.com/visinf/irr/blob/dacd07b1dc963fb8d3db7c75b562691af33f47b2/saved_check_point/pwcnet/IRR-PWC_kitti/checkpoint_best.ckpt
MemFlow,models/_pretrained_weights/memflow_weights/MemFlowNet_things.pth,things,FlyingChairs_FlyingThings3D_?,https://github.com/DQiaole/MemFlow/releases/tag/v1.0.0
MemFlow,models/_pretrained_weights/memflow_weights/MemFlowNet_sintel.pth,sintel,FlyingChairs_FlyingThings3D_Sintel_?,https://github.com/DQiaole/MemFlow/releases/tag/v1.0.0
MemFlow,models/_pretrained_weights/memflow_weights/MemFlowNet_kitti.pth,kitti,FlyingChairs_FlyingThings3D_Sintel_Kitti15_?,https://github.com/DQiaole/MemFlow/releases/tag/v1.0.0
MemFlow,models/_pretrained_weights/memflow_weights/MemFlowNet_spring.pth,mixed,?,https://github.com/DQiaole/MemFlow/releases/tag/v1.0.0
SKFlow,models/_pretrained_weights/skflow_weights/skflow-things.pth,things,FlyingChairs_FlyingThings3D_?,https://drive.google.com/file/d/18NuBPV4hjivnPsPHPTEbjdiACfqg30Al/view?usp=sharing
SKFlow,models/_pretrained_weights/skflow_weights/skflow-sintel.pth,sintel,FlyingChairs_FlyingThings3D_Sintel_?,https://drive.google.com/file/d/1F6Ag7MPG8QrP3RSXAzSSv42_RYyZx5P2/view?usp=sharing
SKFlow,models/_pretrained_weights/skflow_weights/skflow-kitti.pth,kitti,FlyingChairs_FlyingThings3D_Sintel_Kitti15_?,https://drive.google.com/file/d/1IQL8edRo-DugTFV3UpL-mN0e4k2nzLOC/view?usp=sharing
unimatch-scale2-regrefine6,models/_pretrained_weights/unimatch_weights/gmflow-scale2-regrefine6-things-776ed612.pth,things,FlyingChairs_FlyingThings3D_?,https://s3.eu-central-1.amazonaws.com/avg-projects/unimatch/pretrained/gmflow-scale2-regrefine6-things-776ed612.pth
unimatch-scale2,models/_pretrained_weights/unimatch_weights/gmflow-scale2-things-36579974.pth,things,FlyingChairs_FlyingThings3D_?,https://s3.eu-central-1.amazonaws.com/avg-projects/unimatch/pretrained/gmflow-scale2-things-36579974.pth
unimatch-scale1,models/_pretrained_weights/unimatch_weights/gmflow-scale1-things-e9887eda.pth,things,FlyingChairs_FlyingThings3D_?,https://s3.eu-central-1.amazonaws.com/avg-projects/unimatch/pretrained/gmflow-scale1-things-e9887eda.pth
unimatch-scale2,models/_pretrained_weights/unimatch_weights/gmflow-scale2-sintel-3ed1cf48.pth,sintel,FlyingChairs_FlyingThings3D_Sintel_?,https://s3.eu-central-1.amazonaws.com/avg-projects/unimatch/pretrained/gmflow-scale2-sintel-3ed1cf48.pth
unimatch-scale2-regrefine6,models/_pretrained_weights/unimatch_weights/gmflow-scale2-regrefine6-sintelft-6e39e2b9.pth,sintel,FlyingChairs_FlyingThings3D_Sintel_?,https://s3.eu-central-1.amazonaws.com/avg-projects/unimatch/pretrained/gmflow-scale2-regrefine6-sintelft-6e39e2b9.pth
unimatch-scale2-regrefine6,models/_pretrained_weights/unimatch_weights/gmflow-scale2-regrefine6-kitti15-25b554d7.pth,kitti,FlyingChairs_FlyingThings3D_Sintel_Kitti15_?,https://s3.eu-central-1.amazonaws.com/avg-projects/unimatch/pretrained/gmflow-scale2-regrefine6-kitti15-25b554d7.pth
unimatch-scale1,models/_pretrained_weights/unimatch_weights/gmflow-scale1-mixdata-train320x576-4c3a6e9a.pth,mixed,?,https://s3.eu-central-1.amazonaws.com/avg-projects/unimatch/pretrained/gmflow-scale1-mixdata-train320x576-4c3a6e9a.pth
unimatch-scale2,models/_pretrained_weights/unimatch_weights/gmflow-scale2-mixdata-train320x576-9ff1c094.pth,mixed,?,https://s3.eu-central-1.amazonaws.com/avg-projects/unimatch/pretrained/gmflow-scale2-mixdata-train320x576-9ff1c094.pth
unimatch-scale2-regrefine6,models/_pretrained_weights/unimatch_weights/gmflow-scale2-regrefine6-mixdata-train320x576-4e7b215d.pth,mixed,?,https://s3.eu-central-1.amazonaws.com/avg-projects/unimatch/pretrained/gmflow-scale2-regrefine6-mixdata-train320x576-4e7b215d.pth
SEA-RAFT-S,models/_pretrained_weights/SEA-RAFT-models/Tartan480x640-S.pth,tartan,TartanAir_?,https://drive.google.com/drive/folders/1YLovlvUW94vciWvTyLf-p3uWscbOQRWW
SEA-RAFT-S,models/_pretrained_weights/SEA-RAFT-models/Tartan-C368x496-S.pth,chairs,TartanAir_?,https://drive.google.com/drive/folders/1YLovlvUW94vciWvTyLf-p3uWscbOQRWW
SEA-RAFT-S,models/_pretrained_weights/SEA-RAFT-models/Tartan-C-T432x960-S.pth,things,TartanAir_?,https://drive.google.com/drive/folders/1YLovlvUW94vciWvTyLf-p3uWscbOQRWW
SEA-RAFT-S,models/_pretrained_weights/SEA-RAFT-models/Tartan-C-T-TSKH432x960-S.pth,sintel,TartanAir_?,https://drive.google.com/drive/folders/1YLovlvUW94vciWvTyLf-p3uWscbOQRWW
SEA-RAFT-S,models/_pretrained_weights/SEA-RAFT-models/Tartan-C-T-TSKH-kitti432x960-S.pth,kitti,TartanAir_FlyingChairs_FlyingThings3D_Sintel_Kitti15_?,https://drive.google.com/drive/folders/1YLovlvUW94vciWvTyLf-p3uWscbOQRWW
SEA-RAFT-S,models/_pretrained_weights/SEA-RAFT-models/Tartan-C-T-TSKH-spring540x960-S.pth,mixed,TartanAir_?,https://drive.google.com/drive/folders/1YLovlvUW94vciWvTyLf-p3uWscbOQRWW
SEA-RAFT-M,models/_pretrained_weights/SEA-RAFT-models/Tartan480x640-M.pth,tartan,TartanAir_?,https://drive.google.com/drive/folders/1YLovlvUW94vciWvTyLf-p3uWscbOQRWW
SEA-RAFT-M,models/_pretrained_weights/SEA-RAFT-models/Tartan-C368x496-M.pth,chairs,TartanAir_?,https://drive.google.com/drive/folders/1YLovlvUW94vciWvTyLf-p3uWscbOQRWW
SEA-RAFT-M,models/_pretrained_weights/SEA-RAFT-models/Tartan-C-T432x960-M.pth,things,TartanAir_?,https://drive.google.com/drive/folders/1YLovlvUW94vciWvTyLf-p3uWscbOQRWW
SEA-RAFT-M,models/_pretrained_weights/SEA-RAFT-models/Tartan-C-T-TSKH432x960-M.pth,sintel,TartanAir_?,https://drive.google.com/drive/folders/1YLovlvUW94vciWvTyLf-p3uWscbOQRWW
SEA-RAFT-M,models/_pretrained_weights/SEA-RAFT-models/Tartan-C-T-TSKH-kitti432x960-M.pth,kitti,TartanAir_FlyingChairs_FlyingThings3D_Sintel_Kitti15_?,https://drive.google.com/drive/folders/1YLovlvUW94vciWvTyLf-p3uWscbOQRWW
SEA-RAFT-M,models/_pretrained_weights/SEA-RAFT-models/Tartan-C-T-TSKH-spring540x960-M.pth,mixed,TartanAir_?,https://drive.google.com/drive/folders/1YLovlvUW94vciWvTyLf-p3uWscbOQRWW
SEA-RAFT-L,models/_pretrained_weights/SEA-RAFT-models/Tartan480x640-M.pth,tartan,TartanAir_?,https://drive.google.com/drive/folders/1YLovlvUW94vciWvTyLf-p3uWscbOQRWW
SEA-RAFT-L,models/_pretrained_weights/SEA-RAFT-models/Tartan-C368x496-M.pth,chairs,TartanAir_?,https://drive.google.com/drive/folders/1YLovlvUW94vciWvTyLf-p3uWscbOQRWW
SEA-RAFT-L,models/_pretrained_weights/SEA-RAFT-models/Tartan-C-T432x960-M.pth,things,TartanAir_FlyingChairs_FlyingThings3D_?,https://drive.google.com/drive/folders/1YLovlvUW94vciWvTyLf-p3uWscbOQRWW
SEA-RAFT-L,models/_pretrained_weights/SEA-RAFT-models/Tartan-C-T-TSKH432x960-M.pth,sintel,TartanAir_FlyingChairs_FlyingThings3D_Sintel_Kitti15_HD1K_?,https://drive.google.com/drive/folders/1YLovlvUW94vciWvTyLf-p3uWscbOQRWW
SEA-RAFT-L,models/_pretrained_weights/SEA-RAFT-models/Tartan-C-T-TSKH-kitti432x960-M.pth,kitti,TartanAir_FlyingChairs_FlyingThings3D_Sintel_Kitti15_HD1K_?,https://drive.google.com/drive/folders/1YLovlvUW94vciWvTyLf-p3uWscbOQRWW
SEA-RAFT-L,models/_pretrained_weights/SEA-RAFT-models/Tartan-C-T-TSKH-spring540x960-M.pth,mixed,TartanAir_FlyingChairs_FlyingThings3D_Sintel_Kitti15_HD1K_Spring_?,https://drive.google.com/drive/folders/1YLovlvUW94vciWvTyLf-p3uWscbOQRWW
MatchFlowR,models/_pretrained_weights/matchflow_weights/matchflow-r/matchflow-r-things.pth,things,FlyingChairs_FlyingThings3D_?,https://github.com/DQiaole/MatchFlow/tree/90197bcea767e9c61d73789bac8a4040f3e7e795/ckpts/matchflow-r
MatchFlowG,models/_pretrained_weights/matchflow_weights/matchflow-g/matchflow-g-things.pth,things,FlyingChairs_FlyingThings3D_?,https://github.com/DQiaole/MatchFlow/blob/90197bcea767e9c61d73789bac8a4040f3e7e795/ckpts/matchflow-g/matchflow-g-things.pth
MatchFlowG,models/_pretrained_weights/matchflow_weights/matchflow-g/matchflow-g-sintel.pth,sintel,FlyingChairs_FlyingThings3D_Sintel_?,https://github.com/DQiaole/MatchFlow/blob/90197bcea767e9c61d73789bac8a4040f3e7e795/ckpts/matchflow-g/matchflow-g-sintel.pth
MatchFlowG,models/_pretrained_weights/matchflow_weights/matchflow-g/matchflow-g-chairs.pth,chairs,FlyingChairs_?,https://github.com/DQiaole/MatchFlow/blob/90197bcea767e9c61d73789bac8a4040f3e7e795/ckpts/matchflow-g/matchflow-g-chairs.pth
MatchFlowG,models/_pretrained_weights/matchflow_weights/matchflow-g/matchflow-g-kitti.pth,kitti,FlyingChairs_FlyingThings3D_Sintel_Kitti15_?,https://github.com/DQiaole/MatchFlow/blob/90197bcea767e9c61d73789bac8a4040f3e7e795/ckpts/matchflow-g/matchflow-g-kitti.pth
MS-RAFT+,models/_pretrained_weights/ms_raft_plus/_things_phase1_100000.pth,things,FlyingChairs_FlyingThings3D_?,-
MS-RAFT+,models/_pretrained_weights/ms_raft_plus/mixed.pth,mixed,FlyingChairs_FlyingThings3D_Sintel_Kitti15_HD1K_Viper_?,https://github.com/cv-stuttgart/MS_RAFT_plus/releases/tag/v1.0.0
CCMR+,models/_pretrained_weights/ccmr_weights/CCMR+_things.pth,things,FlyingChairs_FlyingThings3D_?,https://github.com/cv-stuttgart/CCMR/releases/download/v1.0.0/CCMR+_things.pth
CCMR+,models/_pretrained_weights/ccmr_weights/CCMR+_sintel.pth,sintel,FlyingChairs_FlyingThings3D_Sintel_HD1K_?,https://github.com/cv-stuttgart/CCMR/releases/download/v1.0.0/CCMR+_sintel.pth
CCMR+,models/_pretrained_weights/ccmr_weights/CCMR+_kitti.pth,kitti,FlyingChairs_FlyingThings3D_Sintel_Kitti15_HD1K_Viper_?,https://github.com/cv-stuttgart/CCMR/releases/download/v1.0.0/CCMR+_kitti.pth
